question_id,domain,difficulty,question,gold_answer,clean_context,source
Q001,chemistry,easy,What is the atomic number of Hydrogen?,1,"According to the periodic table, Hydrogen has atomic number 1.",IUPAC periodic table
Q002,chemistry,easy,What is the atomic number of Helium?,2,"According to the periodic table, Helium has atomic number 2.",IUPAC periodic table
Q003,chemistry,easy,What is the atomic number of Lithium?,3,"According to the periodic table, Lithium has atomic number 3.",IUPAC periodic table
Q004,chemistry,easy,What is the atomic number of Beryllium?,4,"According to the periodic table, Beryllium has atomic number 4.",IUPAC periodic table
Q005,chemistry,easy,What is the atomic number of Boron?,5,"According to the periodic table, Boron has atomic number 5.",IUPAC periodic table
Q006,chemistry,easy,What is the atomic number of Carbon?,6,"According to the periodic table, Carbon has atomic number 6.",IUPAC periodic table
Q007,chemistry,easy,What is the atomic number of Nitrogen?,7,"According to the periodic table, Nitrogen has atomic number 7.",IUPAC periodic table
Q008,chemistry,easy,What is the atomic number of Oxygen?,8,"According to the periodic table, Oxygen has atomic number 8.",IUPAC periodic table
Q009,chemistry,easy,What is the atomic number of Fluorine?,9,"According to the periodic table, Fluorine has atomic number 9.",IUPAC periodic table
Q010,chemistry,easy,What is the atomic number of Neon?,10,"According to the periodic table, Neon has atomic number 10.",IUPAC periodic table
Q011,chemistry,easy,What is the atomic number of Sodium?,11,"According to the periodic table, Sodium has atomic number 11.",IUPAC periodic table
Q012,chemistry,easy,What is the atomic number of Magnesium?,12,"According to the periodic table, Magnesium has atomic number 12.",IUPAC periodic table
Q013,chemistry,easy,What is the atomic number of Aluminum?,13,"According to the periodic table, Aluminum has atomic number 13.",IUPAC periodic table
Q014,chemistry,easy,What is the atomic number of Silicon?,14,"According to the periodic table, Silicon has atomic number 14.",IUPAC periodic table
Q015,chemistry,easy,What is the atomic number of Phosphorus?,15,"According to the periodic table, Phosphorus has atomic number 15.",IUPAC periodic table
Q016,chemistry,easy,What is the atomic number of Sulfur?,16,"According to the periodic table, Sulfur has atomic number 16.",IUPAC periodic table
Q017,chemistry,easy,What is the atomic number of Chlorine?,17,"According to the periodic table, Chlorine has atomic number 17.",IUPAC periodic table
Q018,chemistry,easy,What is the atomic number of Argon?,18,"According to the periodic table, Argon has atomic number 18.",IUPAC periodic table
Q019,chemistry,easy,What is the atomic number of Potassium?,19,"According to the periodic table, Potassium has atomic number 19.",IUPAC periodic table
Q020,chemistry,easy,What is the atomic number of Calcium?,20,"According to the periodic table, Calcium has atomic number 20.",IUPAC periodic table
Q021,chemistry,moderate,What is the atomic number of Scandium?,21,"According to the periodic table, Scandium has atomic number 21.",IUPAC periodic table
Q022,chemistry,moderate,What is the atomic number of Titanium?,22,"According to the periodic table, Titanium has atomic number 22.",IUPAC periodic table
Q023,chemistry,moderate,What is the atomic number of Vanadium?,23,"According to the periodic table, Vanadium has atomic number 23.",IUPAC periodic table
Q024,chemistry,moderate,What is the atomic number of Chromium?,24,"According to the periodic table, Chromium has atomic number 24.",IUPAC periodic table
Q025,chemistry,moderate,What is the atomic number of Manganese?,25,"According to the periodic table, Manganese has atomic number 25.",IUPAC periodic table
Q026,chemistry,moderate,What is the atomic number of Iron?,26,"According to the periodic table, Iron has atomic number 26.",IUPAC periodic table
Q027,chemistry,moderate,What is the atomic number of Cobalt?,27,"According to the periodic table, Cobalt has atomic number 27.",IUPAC periodic table
Q028,chemistry,moderate,What is the atomic number of Nickel?,28,"According to the periodic table, Nickel has atomic number 28.",IUPAC periodic table
Q029,chemistry,moderate,What is the atomic number of Copper?,29,"According to the periodic table, Copper has atomic number 29.",IUPAC periodic table
Q030,chemistry,moderate,What is the atomic number of Zinc?,30,"According to the periodic table, Zinc has atomic number 30.",IUPAC periodic table
Q031,chemistry,moderate,What is the atomic number of Gallium?,31,"According to the periodic table, Gallium has atomic number 31.",IUPAC periodic table
Q032,chemistry,moderate,What is the atomic number of Germanium?,32,"According to the periodic table, Germanium has atomic number 32.",IUPAC periodic table
Q033,chemistry,moderate,What is the atomic number of Arsenic?,33,"According to the periodic table, Arsenic has atomic number 33.",IUPAC periodic table
Q034,chemistry,moderate,What is the atomic number of Selenium?,34,"According to the periodic table, Selenium has atomic number 34.",IUPAC periodic table
Q035,chemistry,moderate,What is the atomic number of Bromine?,35,"According to the periodic table, Bromine has atomic number 35.",IUPAC periodic table
Q036,chemistry,moderate,What is the atomic number of Krypton?,36,"According to the periodic table, Krypton has atomic number 36.",IUPAC periodic table
Q037,chemistry,moderate,What is the atomic number of Rubidium?,37,"According to the periodic table, Rubidium has atomic number 37.",IUPAC periodic table
Q038,chemistry,moderate,What is the atomic number of Strontium?,38,"According to the periodic table, Strontium has atomic number 38.",IUPAC periodic table
Q039,chemistry,moderate,What is the atomic number of Yttrium?,39,"According to the periodic table, Yttrium has atomic number 39.",IUPAC periodic table
Q040,chemistry,moderate,What is the atomic number of Zirconium?,40,"According to the periodic table, Zirconium has atomic number 40.",IUPAC periodic table
Q041,chemistry,moderate,What is the atomic number of Niobium?,41,"According to the periodic table, Niobium has atomic number 41.",IUPAC periodic table
Q042,chemistry,moderate,What is the atomic number of Molybdenum?,42,"According to the periodic table, Molybdenum has atomic number 42.",IUPAC periodic table
Q043,chemistry,moderate,What is the atomic number of Technetium?,43,"According to the periodic table, Technetium has atomic number 43.",IUPAC periodic table
Q044,chemistry,moderate,What is the atomic number of Ruthenium?,44,"According to the periodic table, Ruthenium has atomic number 44.",IUPAC periodic table
Q045,chemistry,moderate,What is the atomic number of Rhodium?,45,"According to the periodic table, Rhodium has atomic number 45.",IUPAC periodic table
Q046,chemistry,moderate,What is the atomic number of Palladium?,46,"According to the periodic table, Palladium has atomic number 46.",IUPAC periodic table
Q047,chemistry,moderate,What is the atomic number of Silver?,47,"According to the periodic table, Silver has atomic number 47.",IUPAC periodic table
Q048,chemistry,moderate,What is the atomic number of Cadmium?,48,"According to the periodic table, Cadmium has atomic number 48.",IUPAC periodic table
Q049,chemistry,moderate,What is the atomic number of Indium?,49,"According to the periodic table, Indium has atomic number 49.",IUPAC periodic table
Q050,chemistry,moderate,What is the atomic number of Tin?,50,"According to the periodic table, Tin has atomic number 50.",IUPAC periodic table
Q051,chemistry,moderate,What is the atomic number of Antimony?,51,"According to the periodic table, Antimony has atomic number 51.",IUPAC periodic table
Q052,chemistry,moderate,What is the atomic number of Tellurium?,52,"According to the periodic table, Tellurium has atomic number 52.",IUPAC periodic table
Q053,chemistry,moderate,What is the atomic number of Iodine?,53,"According to the periodic table, Iodine has atomic number 53.",IUPAC periodic table
Q054,chemistry,moderate,What is the atomic number of Xenon?,54,"According to the periodic table, Xenon has atomic number 54.",IUPAC periodic table
Q055,chemistry,moderate,What is the atomic number of Cesium?,55,"According to the periodic table, Cesium has atomic number 55.",IUPAC periodic table
Q056,chemistry,moderate,What is the atomic number of Barium?,56,"According to the periodic table, Barium has atomic number 56.",IUPAC periodic table
Q057,chemistry,moderate,What is the atomic number of Lanthanum?,57,"According to the periodic table, Lanthanum has atomic number 57.",IUPAC periodic table
Q058,chemistry,moderate,What is the atomic number of Cerium?,58,"According to the periodic table, Cerium has atomic number 58.",IUPAC periodic table
Q059,chemistry,moderate,What is the atomic number of Praseodymium?,59,"According to the periodic table, Praseodymium has atomic number 59.",IUPAC periodic table
Q060,chemistry,moderate,What is the atomic number of Neodymium?,60,"According to the periodic table, Neodymium has atomic number 60.",IUPAC periodic table
Q061,chemistry,moderate,What is the atomic number of Promethium?,61,"According to the periodic table, Promethium has atomic number 61.",IUPAC periodic table
Q062,chemistry,moderate,What is the atomic number of Samarium?,62,"According to the periodic table, Samarium has atomic number 62.",IUPAC periodic table
Q063,chemistry,moderate,What is the atomic number of Europium?,63,"According to the periodic table, Europium has atomic number 63.",IUPAC periodic table
Q064,chemistry,moderate,What is the atomic number of Gadolinium?,64,"According to the periodic table, Gadolinium has atomic number 64.",IUPAC periodic table
Q065,chemistry,moderate,What is the atomic number of Terbium?,65,"According to the periodic table, Terbium has atomic number 65.",IUPAC periodic table
Q066,chemistry,moderate,What is the atomic number of Dysprosium?,66,"According to the periodic table, Dysprosium has atomic number 66.",IUPAC periodic table
Q067,chemistry,moderate,What is the atomic number of Holmium?,67,"According to the periodic table, Holmium has atomic number 67.",IUPAC periodic table
Q068,chemistry,moderate,What is the atomic number of Erbium?,68,"According to the periodic table, Erbium has atomic number 68.",IUPAC periodic table
Q069,chemistry,moderate,What is the atomic number of Thulium?,69,"According to the periodic table, Thulium has atomic number 69.",IUPAC periodic table
Q070,chemistry,moderate,What is the atomic number of Ytterbium?,70,"According to the periodic table, Ytterbium has atomic number 70.",IUPAC periodic table
Q071,chemistry,moderate,What is the atomic number of Lutetium?,71,"According to the periodic table, Lutetium has atomic number 71.",IUPAC periodic table
Q072,chemistry,moderate,What is the atomic number of Hafnium?,72,"According to the periodic table, Hafnium has atomic number 72.",IUPAC periodic table
Q073,chemistry,moderate,What is the atomic number of Tantalum?,73,"According to the periodic table, Tantalum has atomic number 73.",IUPAC periodic table
Q074,chemistry,moderate,What is the atomic number of Tungsten?,74,"According to the periodic table, Tungsten has atomic number 74.",IUPAC periodic table
Q075,chemistry,moderate,What is the atomic number of Rhenium?,75,"According to the periodic table, Rhenium has atomic number 75.",IUPAC periodic table
Q076,chemistry,moderate,What is the atomic number of Osmium?,76,"According to the periodic table, Osmium has atomic number 76.",IUPAC periodic table
Q077,chemistry,moderate,What is the atomic number of Iridium?,77,"According to the periodic table, Iridium has atomic number 77.",IUPAC periodic table
Q078,chemistry,moderate,What is the atomic number of Platinum?,78,"According to the periodic table, Platinum has atomic number 78.",IUPAC periodic table
Q079,chemistry,moderate,What is the atomic number of Gold?,79,"According to the periodic table, Gold has atomic number 79.",IUPAC periodic table
Q080,chemistry,moderate,What is the atomic number of Mercury?,80,"According to the periodic table, Mercury has atomic number 80.",IUPAC periodic table
Q081,chemistry,moderate,What is the atomic number of Thallium?,81,"According to the periodic table, Thallium has atomic number 81.",IUPAC periodic table
Q082,chemistry,moderate,What is the atomic number of Lead?,82,"According to the periodic table, Lead has atomic number 82.",IUPAC periodic table
Q083,chemistry,moderate,What is the atomic number of Bismuth?,83,"According to the periodic table, Bismuth has atomic number 83.",IUPAC periodic table
Q084,chemistry,moderate,What is the atomic number of Polonium?,84,"According to the periodic table, Polonium has atomic number 84.",IUPAC periodic table
Q085,chemistry,moderate,What is the atomic number of Astatine?,85,"According to the periodic table, Astatine has atomic number 85.",IUPAC periodic table
Q086,chemistry,moderate,What is the atomic number of Radon?,86,"According to the periodic table, Radon has atomic number 86.",IUPAC periodic table
Q087,chemistry,moderate,What is the atomic number of Francium?,87,"According to the periodic table, Francium has atomic number 87.",IUPAC periodic table
Q088,chemistry,moderate,What is the atomic number of Radium?,88,"According to the periodic table, Radium has atomic number 88.",IUPAC periodic table
Q089,chemistry,moderate,What is the atomic number of Actinium?,89,"According to the periodic table, Actinium has atomic number 89.",IUPAC periodic table
Q090,chemistry,moderate,What is the atomic number of Thorium?,90,"According to the periodic table, Thorium has atomic number 90.",IUPAC periodic table
Q091,chemistry,moderate,What is the atomic number of Protactinium?,91,"According to the periodic table, Protactinium has atomic number 91.",IUPAC periodic table
Q092,chemistry,moderate,What is the atomic number of Uranium?,92,"According to the periodic table, Uranium has atomic number 92.",IUPAC periodic table
Q093,chemistry,moderate,What is the atomic number of Neptunium?,93,"According to the periodic table, Neptunium has atomic number 93.",IUPAC periodic table
Q094,chemistry,moderate,What is the atomic number of Plutonium?,94,"According to the periodic table, Plutonium has atomic number 94.",IUPAC periodic table
Q095,chemistry,moderate,What is the atomic number of Americium?,95,"According to the periodic table, Americium has atomic number 95.",IUPAC periodic table
Q096,chemistry,moderate,What is the atomic number of Curium?,96,"According to the periodic table, Curium has atomic number 96.",IUPAC periodic table
Q097,chemistry,moderate,What is the atomic number of Berkelium?,97,"According to the periodic table, Berkelium has atomic number 97.",IUPAC periodic table
Q098,chemistry,moderate,What is the atomic number of Californium?,98,"According to the periodic table, Californium has atomic number 98.",IUPAC periodic table
Q099,chemistry,moderate,What is the atomic number of Einsteinium?,99,"According to the periodic table, Einsteinium has atomic number 99.",IUPAC periodic table
Q100,chemistry,moderate,What is the atomic number of Fermium?,100,"According to the periodic table, Fermium has atomic number 100.",IUPAC periodic table
